keyword,title,price,rating,reviews,platform,delivery,raw_price,position,link,thumbnail
iphone,Apple iPhone 17 Pro,45.79,4.4,12000.0,apple,Free next-day delivery,45.79,1,,https://encrypted-tbn2.gstatic.com/shopping?q=tbn:ANd9GcTGGpluQq9uQq-_zwnFA30F8ESg6Oo67b0sQaMbsSMTCcmF2uwGsUkZ1sU1jioSpvdWcFXufmig80GkjRAlY7LUp7Jz32gFScaORWC13rpp_K5xX-7whQp7Xg
iphone,Apple iPhone 17 Pro Max,49.95,4.2,16000.0,apple,Free next-day delivery,49.95,2,,https://encrypted-tbn3.gstatic.com/shopping?q=tbn:ANd9GcRpUSMeAsqd589UZhzQMfHiSPtKfm7CFP_LJMHL8OfcsZ_aE7jBpED9TxRAAu2M4IUiAWaHmgJsbaNxaSftg1csz50-j5RKZUyLb0y8af4AQyYvxDrXwFwg
iphone,Apple iPhone 16 Plus,25.83,4.7,8400.0,best buy,,25.83,3,,https://encrypted-tbn0.gstatic.com/shopping?q=tbn:ANd9GcQO0MQLETSlS65nnMboOEtY3Db8WeU8vc3oLZn7p-XgbYhkDoggKdlhae9DUeEKQDr7h60XSJwp7FhXUM-V3_3Kj3RkFZ3Ti39gh4zhRP9Q4kywKzdpSdfnwQ
iphone,Apple iPhone 17e,499.99,4.7,1100.0,cricket wireless,Free delivery,499.99,4,,https://encrypted-tbn2.gstatic.com/shopping?q=tbn:ANd9GcTEmxlEKGatnBs0j0K9ygPYu1oC19D_zEcyehOOF-jNvbGpCvnQUw05oY2U21GeZUKi-_tB72XLFhNE-fTmSc5cT29EeGMTRuNHn4_-cWsV-bRYhCznjD6URQ
iphone,Apple iPhone 17,829.0,4.7,28000.0,apple,Free next-day delivery,829.0,5,,https://encrypted-tbn2.gstatic.com/shopping?q=tbn:ANd9GcRlCWMVGU_Zv8zwk3X0qrQ2DcR6cl9H3Nu6Q5Zy9zfqx4Xf4ls8-fAMkrOrpJR7SRVnEemfgyyeesFOFSP88EVKcl1hT7ACTjlanbu5vxZobm9UOPMYz9Gtggo
iphone,Restored Apple iPhone 16,729.99,4.6,22000.0,boost mobile,,729.99,6,,https://encrypted-tbn3.gstatic.com/shopping?q=tbn:ANd9GcRufwzeGqTx8j8oZJfcewnKvd_TcGIN5PeVbGnrwFki_yWhVmggbbkR9sDrwRGtbpTNarUQivOztLgJSGMBANAY4nVN1xB9pw
iphone,Restored Apple iPhone 14,314.55,4.5,41000.0,best buy,,314.55,7,,https://encrypted-tbn2.gstatic.com/shopping?q=tbn:ANd9GcTtJTNefwz8Jc1_5JZhXaFKkCqLyb-DbPYoFkQxgMuxEADnb96Pyw5-MytHS7uq4hBH8c2UPhtpg3VqVDQPym1LchUO90aF_s-NykNQwIM
iphone,Att Apple iPhone 13 128 GB Midnight  Prepaid Smartphone Locked to Att,249.0,4.6,84000.0,walmart,Free delivery,249.0,8,,https://encrypted-tbn0.gstatic.com/shopping?q=tbn:ANd9GcQ6AWAVq-A8xUJCCibOFvMTr8bBKU3DSIhYhuDmRmrEiZmQ47Amzm8n0h8CxDD-GcXIiB47fV3IX7HzHLClabaH5_GiOhFYjZlMTSxe0IhX-52Bfszg0nUSiQ
iphone,Restored Apple Iphone 12,185.0,4.3,47000.0,back market,,185.0,9,,https://encrypted-tbn0.gstatic.com/shopping?q=tbn:ANd9GcTlZ3RRe8nR5gCoePa_m_Sb7TWuAVVApccPET9rIlm-9KP24uFP4hkjdj0en187ZqPDrLIzIdmQtIc3-yuzObLH8HlUnhO9ZdF32UGVA2XyfMuVIUgMZYUq
iphone,Apple iPhone Air,58.29,4.4,3200.0,apple,Free next-day delivery,58.29,10,,https://encrypted-tbn3.gstatic.com/shopping?q=tbn:ANd9GcRW0KJ-gJDjzUGCOaH6zFRNJQ6QiLk-sqXTQF02YFMZW6oT2yQ5gMLYxKXrY9FLOd9oAlwoAlFSNry58M0Gv83mAy_BrP_sjU6iwZSngeFIyOv448kW7OZ2
iphone,Apple iPhone 15 128GB Black  Available With Cricket Wireless Plan,349.99,4.7,47000.0,cricket wireless,Free delivery,349.99,11,,https://encrypted-tbn3.gstatic.com/shopping?q=tbn:ANd9GcTGEhNOH5hw0fWxHgyad6KbEcpZs6k9KhYHuCNmXWKcgBpRDFGIf6CawbHJwtd1Bn6WrsUpPpCelkuCwoV689s39MH7nnU9HqWawIrEyOQrPnNKeGyXx0SlRw
iphone,Apple iPhone 15  Black  128GB with 24 monthly payments  plan,26.25,4.7,48000.0,t-mobile,Free delivery,26.25,12,,https://encrypted-tbn3.gstatic.com/shopping?q=tbn:ANd9GcRX2OAgKWhI8zye1GJb8DXGaeSGIKkMbeAl5TLySJz1R3KCKzpl3SHHMdjM6BiWXFefN_OU2cwVGdxPqcD61o-5BC_dMv2Gpw
iphone,Apple iPhone 16e,16.66,4.6,9700.0,best buy,Free delivery by Sun,16.66,13,,https://encrypted-tbn0.gstatic.com/shopping?q=tbn:ANd9GcTICkF86kHZvkDe4LDoVxo3I72fr8vtNxHp1M6mh23cZPxMCGb5kIsT3Dh5qM6iKpAYZfcMgH_FnSYdZNeTE733IKyAMBy9h9GDZshXNuYK
iphone,Restored Apple iPhone 14 Plus,288.32,4.4,12000.0,back market,,288.32,14,,https://encrypted-tbn0.gstatic.com/shopping?q=tbn:ANd9GcRO318hyTYV0jdBaP1aXwXpa0DP8lJC_9gL0X4Ns8xkLvDsxLr3rpDxR7YUHoqSLylVs4EBkp_bU0NiXOFA2Y7sgFwgESj-wsW7SyRSvBg
iphone,Apple iPhone 11,174.49,4.5,88000.0,walmart - gadget replay,,174.49,15,,https://encrypted-tbn0.gstatic.com/shopping?q=tbn:ANd9GcTabYxwKw857CsWNpQsI5boX4Kg4v0_0gDtuiYqf06FGBvm8JUPnzKUkxQLkyzTyBvkir0Gm5vC9UujnJPWGEhfCfinNoIC
iphone,Apple iPhone 15 Restored,314.08,4.7,48000.0,ebay - wirelesssdepot,Free delivery,314.08,16,,https://encrypted-tbn3.gstatic.com/shopping?q=tbn:ANd9GcRloz1G_wE_q5vx-ZMmTraUfqJVjplN14q4Oj0naTKTpJUtU3Kt82NIOMsbGL0HsYSCKIVKFMzUDQHaLbbqy7kHtrXUu0AlY7jKp1-KbUrAAJI_8xEbFaICNAcc
iphone,Restored Apple iPhone 13,237.0,4.6,84000.0,swappa,Free delivery,237.0,17,,https://encrypted-tbn1.gstatic.com/shopping?q=tbn:ANd9GcTwEQ66pKbKYMvduz1jn8Ntw-LnxGT5IdtnWRXw1Fc4YmYV61VJ4tIvlQ8ZPrqW_fv5kdgOyPBj14oBxRCAIfy0mw1Pd7QN
iphone,Restored Apple iPhone 13 Mini,204.99,4.3,11000.0,back market,,204.99,18,,https://encrypted-tbn2.gstatic.com/shopping?q=tbn:ANd9GcQDAn0AqyZY-xsMH0pwPomV1W7hNQeappCEG2oo2RvZcLHj0Y5kRSWxbSqehuy-BWyBqbSliKHOJMHPyk1gcDQ2hoLuI4NiXcjAg6zOFss5
iphone,Apple iPhone 16 Pro,30.53,4.6,17000.0,viaero wireless,Free delivery,30.53,19,,https://encrypted-tbn0.gstatic.com/shopping?q=tbn:ANd9GcQOvoZrrIqs6siIcBKI7rKoBaqUsk_T1Sg0pDsHSiLY5anEdyvwiBQANzSozeWyJYUyRqooChf1IKZWbN8kUVBzMgiLqET7m0b0oDge1cXhfXiTZT-bdt_G
iphone,Restored Apple iPhone 14 PRO MAX,487.99,4.5,24000.0,ebay - cellfeee,Free delivery,487.99,20,,https://encrypted-tbn2.gstatic.com/shopping?q=tbn:ANd9GcQaByBVDpyZBqUeGATYMYYnC1699eBD_zvUfG8JLaB534el4CT2DDbBZaiwJa8lnSqAN6ZrGGM4RGmnePRAA2Jr3zrJb7c2jp_by3Wpun0YHzlFoREJFkJSzw
iphone,Apple iPhone 12 Pro,215.96,4.4,17000.0,walmart - verizon pre-owned,Free delivery,215.96,21,,https://encrypted-tbn2.gstatic.com/shopping?q=tbn:ANd9GcSn2YcRq_6Jby3B8N7kEf7wKuaxzbnrzT0OGNeweU6R7CHWgx4P2MAjjIzTYZN5YBPuRTRuncF4cQAWh1N3bg7Rs6PvD4Wf
iphone,Restored Apple iPhone 13 Pro,309.99,4.4,15000.0,back market,,309.99,22,,https://encrypted-tbn0.gstatic.com/shopping?q=tbn:ANd9GcQtpRdfDajoc5k0Nej-sMp_L8I7JuTaBps4lM7_Ra9bXq0Z7qU6fzi78Romm3E47rCUnri91pCZZu-bobYUiYw9SPT13D0huzVIxrlbLmyp_AjaH3PotemkAQ
iphone,Apple  iPhone 17e 256GB  Black Verizon,16.66,4.7,1100.0,best buy,Free delivery by Sun,16.66,23,,https://encrypted-tbn1.gstatic.com/shopping?q=tbn:ANd9GcRFiCL35tnRi1Vs-M0REb6odtFAirui-EfQEJSOjXQmvPMoVKGvXanPEgAuaD6yH6FeB16DclMdeG3KbMO3kaEEjWhyj3XZ4D0wq1sVro-xwzM7DEcrCjt-_g
iphone,Restored Apple iPhone 14 Pro,420.43,4.4,16000.0,reebelo usa,Free delivery by Wed,420.43,24,,https://encrypted-tbn0.gstatic.com/shopping?q=tbn:ANd9GcT0q3qUPFIabGS9q8UhxkllonrF4KoBeIbfbKpN_Emr5T-sm_TspuM7Xe2Ztr_IdtpPRDQaJqu6RouDNHxfeVuxDvimL6yt_g
iphone,Apple iPhone SE,99.99,4.6,17000.0,ebay - itsworthmore,Free delivery,99.99,25,,https://encrypted-tbn3.gstatic.com/shopping?q=tbn:ANd9GcTS4IsHvPZEJKNeKF6Yfr9E_e8sKZB4f-QnToVFOdFloya7Ewxcj4Tj2h2LIcdKUFxzhyeuHjJ0V38c-FnNLG1hdcmZLle5L6Rd-05PWSwVBWc84F3jctIo
iphone,iPhone 14 256GB  Purple  Unlocked,300.2,4.5,45000.0,back market,,300.2,26,,https://encrypted-tbn1.gstatic.com/shopping?q=tbn:ANd9GcQbQD3h_-NTtaXZGEGoUu8PKghuWtif-OgsnZQZT8cKj-InW3BCFsH1ItRQaPhTcVIYzoNgP8P050R1RldLaf7mc8qGHljuP9PwKAc0Rj2Hr_4oLBw52Tazuw
iphone,Apple Iphone 16e,16.64,4.6,9700.0,viaero wireless,Free delivery,16.64,27,,https://encrypted-tbn0.gstatic.com/shopping?q=tbn:ANd9GcRG0mOwBlh51Htk8nYqoYITWiRT5DxSoEyMZKGdtu0u0ctW3yOehyAFdhTEmyI3gBuyM6_LNz2XF1ftVZtOXKespMqQVfScknQT32eni9f-Dqv5V0_pieXVaw
iphone,Restored Apple iPhone 16 Pro Max,812.97,4.7,27000.0,ebay - sellingtech13,,812.97,28,,https://encrypted-tbn1.gstatic.com/shopping?q=tbn:ANd9GcQ_53K4kyc5T2BFHIxIXeezxtBy-OhL0x5KC0lBP2k8A_J_9FUQT8gdEG5cy8rYBktLHQRnJffDehz8vvRFQHkcMEHPpYHVPFnspCy6TMQXbubb2RzA5-ULQA
iphone,Apple iPhone 16 Pro 128 GB in Black Titanium  Visible with 36 monthly installment payments  plan,999.0,,,visible,Free delivery by Tue,999.0,29,,https://encrypted-tbn3.gstatic.com/shopping?q=tbn:ANd9GcRrwQT4e6EJJFYY_UaRXy5OvHPoMRnpChC5g1TJ5VX1p90Bxo-8_1hXKPT_4gIDYt_dlyFJI6VxFpQfidrzrDuRi0661vaBjyytSu9HARtIjv8zSFXSnQzZJA
iphone,Restored Apple Iphone 12 Mini,155.0,4.3,26000.0,back market,,155.0,30,,https://encrypted-tbn0.gstatic.com/shopping?q=tbn:ANd9GcQ_tUVUhRh4Ni9k_JeRRz8m3TSs5PjRuSUoTlBdzQYTnSKSShWzJycMBErSB6QPZHRb49Af3U1W4s0Uz8DbMPUTGoGhFHQqbH_9lECVqsy4pPwVVOIMCkBcAQ
iphone,Apple  Refurbished Excellent  iPhone 13 A2482 128GB 61inch 2021 Starlight  Unlocked  White,289.99,4.6,82000.0,best buy,,289.99,31,,https://encrypted-tbn3.gstatic.com/shopping?q=tbn:ANd9GcSbWVapeKBpC1MG0X8K8e-NJNDDxiHhVXj0I9ZWHxr-tKn6YZc75tdRHL4YwWFJACXcgY3lMejb_h9_d7LSKGMA_po_VudkG4Odbr8TwHI
iphone,iPhone 14 Pro  128GB  Deep Purple  Unlocked,359.98,4.4,16000.0,reebelo usa,Free delivery by Wed,359.98,32,,https://encrypted-tbn0.gstatic.com/shopping?q=tbn:ANd9GcT0q3qUPFIabGS9q8UhxkllonrF4KoBeIbfbKpN_Emr5T-sm_TspuM7Xe2Ztr_IdtpPRDQaJqu6RouDNHxfeVuxDvimL6yt_g
iphone,Restored Apple iPhone XS,145.99,4.5,17000.0,back market,,145.99,33,,https://encrypted-tbn0.gstatic.com/shopping?q=tbn:ANd9GcQ6iCoITiP7poAenPeb8gxgy2TVtFFNduLT4QK4a7aP9woD7tbpVM8DafDejc7W2l_2FIDZnF4HbiZW-dwsog5CHq34xvsEP5lg1cP_fKz6MqfcQzbVyWCp
iphone,Apple iPhone 7,50.0,4.3,39000.0,ebay,,50.0,34,,https://encrypted-tbn3.gstatic.com/shopping?q=tbn:ANd9GcSfhxEjRzY90BibThhP16KuZha6_-mB45ohIc1dhlw5fP5zLNK8DfiSygAtCoRAUKRCUo20rO5C2874w14BapaJnH3jOWVAZ7YIZ0MKBMFRHqsmkL94ZGshRg
iphone,Apple iPhone 11 64GB Prepaid  Total Wireless Black with plan with 24 monthly installment payments  plan,249.99,4.5,22000.0,total wireless,Free delivery by Thu,249.99,35,,https://encrypted-tbn3.gstatic.com/shopping?q=tbn:ANd9GcS-Y-GjVGcn07FSjexDRQ3fjg4A55mD8WUrYer2Flrve0GnDeirZO3LmBu22yv6a2aGbB6oxDfRWi5zETqQ5IT9oqR1WLCR
iphone,iPhone 15 256GB  Pink  Unlocked,375.13,4.7,47000.0,back market,,375.13,36,,https://encrypted-tbn2.gstatic.com/shopping?q=tbn:ANd9GcQ3-0T952V79ayyYuV4W9CLP5iRjPwh7gKbD6vDn7tDkGTOlFsJmtdTroZGqXnv6536jSQx-cvrM5Kl90D7qmtEUPnHMYb4hX-Kk2F7vesitUnZOGzaH-1L
iphone,Apple  iPhone 17e 512GB  White Verizon,22.22,4.7,1100.0,best buy,Free delivery by Mon,22.22,37,,https://encrypted-tbn3.gstatic.com/shopping?q=tbn:ANd9GcS9yQl1t8LPdP_g5Uyw5gZxG16wq_LWctmiK3TMoBo6dk_tgMy9knF50ePkah6s85nhTb9z6u6hOqy9ewH1xGd6yvxT2Dq_F9kDGigj5u5TvFfIBd0f3_WVv78
iphone,Restored Apple iPhone X,2599.88,4.4,24000.0,ebay,,2599.88,38,,https://encrypted-tbn0.gstatic.com/shopping?q=tbn:ANd9GcR2xeD6tZhlGqseZMb7Ke6js81c57tLIDi8TD_d95aaqXBjkTEL0_qHACs2EuFJQH5Y5nsP8BMeg2ENOHmbTIvvBAqcWqpqOJEHgtScbZ70zIyKMBZXp_6InA
iphone,Restored Apple Iphone 8,103.0,4.3,32000.0,back market,,103.0,39,,https://encrypted-tbn1.gstatic.com/shopping?q=tbn:ANd9GcRFXKBPDrHcJZ69gHs_iVH2SBpkunsUlqxG02lmb9Vj0t1E4eeEKg-dadzcuOIeVvfIoci_EptmkTbdseg4QYcKPfw5TxDcFgNfjnj3Y6w
iphone,iPhone 16  256GB  Teal  Unlocked,559.99,4.7,23000.0,reebelo usa,Free delivery by Wed,559.99,40,,https://encrypted-tbn3.gstatic.com/shopping?q=tbn:ANd9GcTX3P7dFOfb8ZnkeuLdIpR-Dina5tFPruj9s3L-Lkzr0EqwB9bz4fSAAhc23HY6yh-eCMdtBabEMyZNWeglOA3UMUdd0kXMIbiDFcLbUmFt
laptop,HP 156 HD Laptop Intel Processor N200,249.0,3.7,374.0,walmart,Free next-day delivery,249.0,1,,https://encrypted-tbn0.gstatic.com/shopping?q=tbn:ANd9GcSwhzmT1uDz-FUiDXiogd7jZhiAm1sckTxsf6Oz0ipyM6natq1IRmeBHY2FTkMEO7hEw-XR4oTx03Clnma3xHcxmwfWGkb3b4v-CllPfwlgmirIMqUIEMAN
laptop,Lenovo 156 FHD Chromebook IdeaPad 3i Intel Celeron N4500,149.0,4.5,1800.0,best buy,Free delivery by Sun,149.0,2,,https://encrypted-tbn2.gstatic.com/shopping?q=tbn:ANd9GcQNuON8r78YgeYH-YW1gs7RaHFJTQm53233o1ws9He5RY8UIX8wl5Ate8SE5ivfXBGw06SJwuS7JWJmTdPdaW93slpTHxnZVfJLI8RcQmv3qFzShN7ESDgO
laptop,Alienware 16X Aurora Gaming Laptop Intel Core Ultra 9 275HX 32gb,2749.99,4.4,1800.0,dell,Free delivery,2749.99,3,,https://encrypted-tbn1.gstatic.com/shopping?q=tbn:ANd9GcQs1r__YV624B93k4J-REZWeDalIRG1WdjXznVEbFC-GF-Pw5yc-whgKDibkK2c6RABJI-8sXZBWh4k7M2LeUP-NCPvmZlYoFQ8Etmhkem7OXh2Tyz9i2tMxw
laptop,Lenovo IdeaPad 14 Pentium Silver N6000 Laptop,319.99,4.1,79.0,office depot,Free delivery,319.99,4,,https://encrypted-tbn0.gstatic.com/shopping?q=tbn:ANd9GcQuD_Y7fsYtM3OREBKp4BmvP3uWjdhyKqUYKc1CiHeVlYsbeMbgzRJ-lFed2Elv1oXKuOZGXHClTlIb09VARUK4oPOnzZ5d3w
laptop,Hp Stream 14 inch HD Laptop Intel Processor N150,189.99,3.8,512.0,best buy,,189.99,5,,https://encrypted-tbn2.gstatic.com/shopping?q=tbn:ANd9GcR4ivN8pZteKjVnIf0CBqytCLzt4pvwDyqErtqEa3asUWrHwL7toJLD6Xq0I2NEpITumAQ6le_YcEk461Z4sBNDHDDKtrQ0O3Pfd9s3GjmNnySUW2U3mtV2
laptop,Microsoft Surface Laptop 7,1260.0,4.6,2100.0,microsoft store,Free delivery,1260.0,6,,https://encrypted-tbn3.gstatic.com/shopping?q=tbn:ANd9GcQi4AgHzaGhnAtcY6jlmVH6dTIhULgXJ_RjEzOdez0xsLLcxJT_w5IJOSdyCCZiGXhPWNEuWSAqaDCICm1BY51GYCgMZTMt
laptop,Asus VivoBook 15 Laptop,399.0,4.4,1700.0,walmart,Free delivery,399.0,7,,https://encrypted-tbn1.gstatic.com/shopping?q=tbn:ANd9GcSlfnx0s1fmIbObz0g8Qv2dq-e5aKFL4mto4O3BkEjys7VpJ-eF42H_6CATWhnjGO4YiZIHiZGYxtXzy_eHC9hdQaogKzFOBUrR5QwHJQe7u2u9pHmiiQQB4w
laptop,HP 14 HD Windows Laptop,194.99,3.7,642.0,best buy,,194.99,8,,https://encrypted-tbn2.gstatic.com/shopping?q=tbn:ANd9GcQ8qofcr3b5rGzi993SLr6QWrGWoPdcZ52JW2QGSpHaSjWS-zvxKVxVlOBCDXj7N8N0iAv_anpZ2OMSiVc0ehUFmdeHDTkTQpUiTIGj3hhL3tZmLXAUkayLzw
laptop,Alienware 16 Aurora Gaming Laptop,2079.99,4.3,750.0,dell,Free delivery,2079.99,9,,https://encrypted-tbn0.gstatic.com/shopping?q=tbn:ANd9GcSM-L3zprcWmNhHX6vm1SetYRAVNWauZUd7Mops84BgBTlIu4nZzGM6jaaVg6h9tQtfxQ2HUJNcr9hZkdksa-AGnIm-SjglOslyUDMvCvzm7hBJsCkeB1Zb
laptop,HP 156 Full HD Laptop,499.99,4.5,15.0,office depot,Free delivery,499.99,10,,https://encrypted-tbn3.gstatic.com/shopping?q=tbn:ANd9GcR9QMN7H6tknIwpwLf9WuvCmAC0t0qXl2AfCjdtDbCJItamUCs-M8p7XTRmH7eGTmc-oA1_dJ71jm3r2rOg6Iu_nUejfoMPy6o7GLV53DnD58C88vVc7ivbmg
laptop,Lenovo IdeaPad 16 2in1 Touchscreen Laptop,599.0,4.3,113.0,walmart,Free delivery by Sun,599.0,11,,https://encrypted-tbn1.gstatic.com/shopping?q=tbn:ANd9GcS-RHWlMq6a7_ZyRWa5DScdQGPkiMNl1rcn_Fqy2Yzm4hhAuPspkHhntZs7elKo8fV0Rwal7i8V9nt4a-CEkweM9Js0lP_Xd_sDXqWaE8LfH7YQTtGHJWhpbQ
laptop,Dell Pro Max 16 Premium Laptop,5227.26,4.1,67.0,staples,Free delivery by Wed,5227.26,12,,https://encrypted-tbn1.gstatic.com/shopping?q=tbn:ANd9GcR061ZnAXXw2iHFumb2HJZjJhPnPUbV59pHit5cTi13CCW-BrThaW3ZLztC4xKx3x4YBGkRjqb3mGUtZwh8EG5Rt40bo3s2ZjhOuy1V0KHM
laptop,HP 14 Intel N150 Laptop,239.0,4.3,18.0,best buy,,239.0,13,,https://encrypted-tbn0.gstatic.com/shopping?q=tbn:ANd9GcRnUPzPdbb-byKxkp2IXazXcCcQg-HAjTjJGeRxYqjTYoO7jGXk0ORSP951hIIGqgCSELr9HtwgVEeinvSuB4cS5XDHHWVNDj9-96JZYVxl
laptop,Acer 16 Predator Helios Neo 16 AI Gaming Laptop,2049.0,4.8,367.0,b&h photo-video-audio,Free delivery by Tue,2049.0,14,,https://encrypted-tbn1.gstatic.com/shopping?q=tbn:ANd9GcRMZTOYiuNrsLfb0Si1fASaWbgu1IN_Wo4gge930F1TJw4d6KH_EmAdPStrOK8Cb7kXSVKvBqRldIF5VJOC5E9mL4tHFsDOXT0XqZzmrFMoH35CiD9Cpu_D
laptop,Dell XPS 16 Laptop,1839.99,4.1,76.0,dell,Free delivery,1839.99,15,,https://encrypted-tbn3.gstatic.com/shopping?q=tbn:ANd9GcRVR8173DUWEBEohZs2gqcaZQYZ4ZIc32SYiKT6Y_yAjKW082BxsSnmUhzJRsJNvTKP-H9pVhpLWMfuydao0GvXHkGn1SyZjQLEBev0qZNa4gBICKLxQ48w
laptop,Lenovo Chromebook Duet MediaTek Kompanio 838 eMMC 51 TLC,249.0,4.5,360.0,best buy,,249.0,16,,https://encrypted-tbn1.gstatic.com/shopping?q=tbn:ANd9GcREJBznsXYEloWuWXrsRvXZwapiY4mOwASvr0JlnE554kqbg8OntiwDz-kKrR9nPS7Uhy2HAw1vjQmh1qIB1hkpdpbGNT5raw
laptop,156 inch LightGamingLaptop 8 Cores AMD Ryzen 7 Pro 6850u 32gb Lpddr5 RAM 1TB SSD Beat i71360P Up to 47GHz AMD Radeon 680m GPU IPS FHD Computer,699.99,,,"walmart - rsh co.,ltd",Free delivery,699.99,17,,https://encrypted-tbn3.gstatic.com/shopping?q=tbn:ANd9GcQXOlRCJI1FZQvNVwyx5GbqTIiTgh63tH5y5Qf1GDKxEW_sEajT5o8AUshCqJYhhjdOxNsP_3CA_CHGrAHp2hVfIrq80BOU6Q
laptop,Razer Blade 18 Dual UHD 240 Hz,4899.99,4.3,15.0,razer.com,Free delivery,4899.99,18,,https://encrypted-tbn1.gstatic.com/shopping?q=tbn:ANd9GcTOnrZrAo3OXIf8P53oSe8DBCBFHC4wLMbL_PzDxYx-g1W3FHXofHYOsHpAkxbInThWPbCWbHtZ1GiAgshtw78_huv48ap55g
laptop,HP Laptop PC 156 Intel Core i5,599.99,3.8,41.0,office depot,Free delivery,599.99,19,,https://encrypted-tbn1.gstatic.com/shopping?q=tbn:ANd9GcRvhRJpmaskOkCozV9kJppU6aZ_bFxbRxCmOj2i4wmyRRouUDJVkZYObezjJclSEMvrweqORzroJwO-4ZcGlHzvipr06pWnGU-tUYoA6Z8QKF51FcNp35tnGQ
laptop,HP 156 Core i3N305 Laptop,414.98,4.2,86.0,best buy,,414.98,20,,https://encrypted-tbn3.gstatic.com/shopping?q=tbn:ANd9GcSXvlY0wB1Pzz7oMHdqbXwC2VqjPe-OZx-Xl6_6RJY0zafRmemE3xL9VrLCgJ69mKhi8iwTbcJrdOYH_oTJgZdPxA-wGo1VwaHX7LzX_D7J1ML11eKKlYEFUA
laptop,MSI Creator A16 AI Laptop,1814.26,,,connection,Free delivery,1814.26,21,,https://encrypted-tbn0.gstatic.com/shopping?q=tbn:ANd9GcQw3hq6UrMaajQs-eeEpHNG3Ek_qeO8klvRer1hTbeeDLV1dORuUtwUSm34rVG_V9kMLsFQ8qrsfzBFX5nTWxwsq6wt9olRMlJ5WFvUg5qifitxvkFhYKgETg
laptop,Dell XPS 14 Laptop,1689.99,4.1,92000.0,dell,Free delivery,1689.99,22,,https://encrypted-tbn1.gstatic.com/shopping?q=tbn:ANd9GcT3Xmfty8mLH659YjJ2zamp0p_jS6W_9KLQz2CMK071rEp2QhgM0rrnZPTNtHdEqqzdM_GSOy4rRtSFpkX5iqoJWCQC2Io-csGVgY_q4y6LuR6fmdvkVpy2Hw
laptop,Acer Chromebook 315 Intel,159.0,4.3,11000.0,walmart,Free delivery,159.0,23,,https://encrypted-tbn0.gstatic.com/shopping?q=tbn:ANd9GcQPHvL4_yyR5ubr4qDYkz1D5WxC4TjViNHECHaMTqGrLE1WuCA1I69nZcfcwLuzeMIAVx-XcIujRNMaD2r0x6rWX55jukb6pKF9flZFaxYcY-fTDxfIhM1uRQ
laptop,Samsung Galaxy Book5 Pro,1349.99,4.5,844.0,best buy,Free delivery by Mon,1349.99,24,,https://encrypted-tbn1.gstatic.com/shopping?q=tbn:ANd9GcSvVq6g8x7EN_HeIaUrhYOtu7atmsFKf6S8heKwL8Dig5F6canry8P6vaynCIy6_2aqesxdhZ9sBe7j10Bx0I_aEd0Ozcepk6jWMdqDxCtiL4NoU18k0-7J1g
laptop,Microsoft Surface Laptop 13 Copilot PC Snapdragon X Plus,1149.99,4.7,570.0,microsoft store,Free delivery,1149.99,25,,https://encrypted-tbn2.gstatic.com/shopping?q=tbn:ANd9GcRNem7VyGHy1MKKWsOcnGbshOPSuNJ9jglA7AiaFKDX0uSNsp5SF1hPm4pEkc04VjE0hagX1ZzqCZ7yigezoBj_GeTWONbU
laptop,Apple MacBook Air Laptop M3 Chip,1199.0,4.8,3200.0,kennel bookstore,,1199.0,26,,https://encrypted-tbn2.gstatic.com/shopping?q=tbn:ANd9GcQqRsgrBzRfLyPm089eheXtzidFgNWhK7P7dd4VYaqpPikp6D0pPIO802rcJRm1DN0YLQ6V0za5qWWiZHv6DKODhzg8MSuxYYhxBzpNeNE
laptop,Dell Pro 14 Plus Laptop,1399.0,4.3,2400.0,b&h photo-video-audio,Free delivery by Tue,1399.0,27,,https://encrypted-tbn2.gstatic.com/shopping?q=tbn:ANd9GcS_YNdvhaYW4V7LHcyhd1BUCID58LX15XZIzSuOJLbG1S4HM3qRpPkBOurWZXTm1M1ujw3140fwNVmzoQxadp3abByDU6Muf3yq_br6BDDe
laptop,Asus TUF Gaming A16 Gaming Laptop,987.99,4.4,656.0,best buy,,987.99,28,,https://encrypted-tbn2.gstatic.com/shopping?q=tbn:ANd9GcTk7E7whROpDeTF4p31cbcTZrxYU339ffzRWRLMsbU2RQ3fSWI42L03HQvHDcCiARM-jcoXnD10Rh2QrQwKfxtvoV-IcFfFbt-3dJdYKkDzqQIbguDlcRq41A
laptop,Hp 156 inch HD Laptop Intel Core i31215U Ram,578.0,3.7,947.0,walmart - vlt distributor,Free delivery,578.0,29,,https://encrypted-tbn3.gstatic.com/shopping?q=tbn:ANd9GcSY2yMi2zMNUT7DaNPpL1HoFddw4yM9GK7N808AyL3R6xI5AND4QCnLeQflCiX7329zlqoeqzSp0M93Ff3JkSYJcczLXD4c
laptop,Lenovo ThinkPad X1 Carbon Gen 13 Laptop Ultra,2759.1,4.5,4800.0,connection,Free delivery,2759.1,30,,https://encrypted-tbn2.gstatic.com/shopping?q=tbn:ANd9GcT2gYp-R4x6W8Ryh4eK-GgBKtIfLnneiu9ciIRM5-6tGqTewgO_e0tAjyXjIiY61DaHBeUiPMlHOaaKuHCVUrYIs2T1vJxutZVZIwse-gZuvan3RyO2ByKO
laptop,Alienware 16 Aurora Gaming Laptop  w Windows 11 OS  NVIDIA GeForce RTX 5050,1709.99,4.4,1800.0,dell,Free delivery,1709.99,31,,https://encrypted-tbn0.gstatic.com/shopping?q=tbn:ANd9GcSM-L3zprcWmNhHX6vm1SetYRAVNWauZUd7Mops84BgBTlIu4nZzGM6jaaVg6h9tQtfxQ2HUJNcr9hZkdksa-AGnIm-SjglOslyUDMvCvzm7hBJsCkeB1Zb
laptop,Acer Chromebook 311 116,205.0,4.1,623.0,best buy,,205.0,32,,https://encrypted-tbn0.gstatic.com/shopping?q=tbn:ANd9GcSzoHuKBpBGFpbXkqXBu-IUNgMyUOgPrOx04mccSg0RVBGB2bjQeo5chMOeB7KSki-hQuo4tJrbTmZFfUl4skmbAndIOXyQL2LYpuA_tm12QUSlr3iHN2Kb
laptop,ASUS 16 TUF Gaming F16 Gaming Laptop,899.0,4.9,139.0,macy's,Free delivery by Thu,899.0,33,,https://encrypted-tbn1.gstatic.com/shopping?q=tbn:ANd9GcRu29RQUxjIUEHlI-dJNBOYAAaWw2lxZf8VxonI2r3vIZTxscd2CVEXLAYzQRAzT478HsDNEN42hfFhojWPs801TohIG2P65RtSXn1mGsj7Vokg9XRdWCESaQ
laptop,Gigabyte AERO X16 WQXGA AMD Ryzen 7 350,1659.33,4.6,436.0,walmart,Free delivery,1659.33,34,,https://encrypted-tbn0.gstatic.com/shopping?q=tbn:ANd9GcRA8c3iyimx-qsGkDqZhGshTkSTkgFSs_ZqRmBEfRzKumxBiut3a0f0sy_KDCXdocxpgocZZO72_mqL-Z1F_Kq8IYWW0PS-uiagqsI0QBxT1EvO1F4cpYqcq-A
laptop,Microsoft 138 Surface Laptop Copilot PC,1549.99,4.6,2100.0,microsoft store,Free delivery,1549.99,35,,https://encrypted-tbn3.gstatic.com/shopping?q=tbn:ANd9GcQi4AgHzaGhnAtcY6jlmVH6dTIhULgXJ_RjEzOdez0xsLLcxJT_w5IJOSdyCCZiGXhPWNEuWSAqaDCICm1BY51GYCgMZTMt
laptop,Dell Pro 14 PC14250 Core,1299.99,4.3,661.0,best buy,,1299.99,36,,https://encrypted-tbn3.gstatic.com/shopping?q=tbn:ANd9GcR2rtOSQ_jnoyxOt2ybMyOI-vY7bGya2UaNacrrZdhs_Lokr9Nsw1E4SC_IMNLeHWsA7xNs5NPl8l7HjIDk9WlWOvG_PAkkHhimO2REDgf9
laptop,Dell Pro 16 Plus Laptop,1586.31,4.3,519.0,connection,Free delivery,1586.31,37,,https://encrypted-tbn3.gstatic.com/shopping?q=tbn:ANd9GcRu-TVK1XaVkeunC9KCm2_KzEa6FAl1Bpw24VFV4iIaeXd-zEu_eXNbCkSt_MCswyyFd1xpFyaRCeytDR6iiQ6-XbI9A3mnOTbrDWg9hFvVgcIk-JFT0jCp_g
laptop,Alienware 16 Area51 Gaming Laptop  w Windows 11 OS  Intel Core Ultra 7  NVIDIA GeForce RTX 5060 8 GB GDDR7  16 FHD Screen  AI Capable,2379.99,4.5,466.0,dell,Free delivery,2379.99,38,,https://encrypted-tbn0.gstatic.com/shopping?q=tbn:ANd9GcSFjyVXLlXlKDnZsJ21Rv-xgSdFJQcv3Rmgh03LTsjLMoHKXauW_3MXig5bnrep2r-waOwdz4mYRLF365tCAJS5mCN0Iasjsfxr8P0IUxr_4Wz5l1fzflUGgw
laptop,Lenovo ThinkBook 16 G7 ARP 16 Notebook WUXGA AMD Ryzen 21mw,1039.99,4.4,354.0,b&h photo-video-audio,Free delivery by Tue,1039.99,39,,https://encrypted-tbn1.gstatic.com/shopping?q=tbn:ANd9GcTQTb9O_CaUm49jgFyE0wbbbrYYKMOJYo7oz9cYqUxhs98XNGMbt_2L0hgvPmzdlVlcXFqNcmD7UijJ7vTHQgI_eOUGT96unvxtAOOmFwI
laptop,MSI Vector 16 HX AI Laptop,2339.0,4.6,280.0,best buy,,2339.0,40,,https://encrypted-tbn2.gstatic.com/shopping?q=tbn:ANd9GcSqhOWgoCPqHIzwyaG5dplk-ZJTrzupxlII_EV0jSlMpbCGEGgePZ3n3gGEBS5G2rDAIBXiF696RIuwzwmlDWUc3LVSDF3zMCsbZIsqzKL7wwsJf3b0_8L-PQ
shoes,Adidas Mens Samba OG,100.0,4.8,40000.0,adidas,,100.0,1,,https://serpapi.com/searches/69fdf484c83b3f3df859691e/images/DPQ-30Dx781NsrJFy7n0Gp-MnriMT0ygK8FiF1u4DzU.webp
shoes,Converse Chuck Taylor All Star Hi,65.0,4.7,48000.0,converse,Free delivery on $75+,65.0,2,,https://serpapi.com/searches/69fdf484c83b3f3df859691e/images/DPQ-30Dx781NsrJFy7n0Gkbd6Ll-lwx1UKBP3ttWOW8.webp
shoes,Tory Burch Womens Miller,200.0,4.6,4800.0,tory burch,Free delivery,200.0,3,,https://encrypted-tbn3.gstatic.com/shopping?q=tbn:ANd9GcTeD7dl5C3nAkDIgTcs1sNqidyUDlushLK5BDe85dD-dfGSQBrPc4J33liDWQa_4I1mKYqCnX3MOrVVp4qqxQQCrpW_fcuSNTVZNBo3JaxyNVqGRNRZvlym19k
shoes,Nike Mens V5 RNR Casual Shoes,65.0,5.0,4.0,jd sports,Free delivery on $75+,65.0,4,,https://encrypted-tbn3.gstatic.com/shopping?q=tbn:ANd9GcQVjcvjfJR9dYDLU04dqrQYcVmdi6qXPehkcniYv0_SSiFfnXGMrT51bDrr4WCpwhRcflypunHoCcRsQmaZXGmMAKvvsjTv
shoes,New Balance Mens 9060,159.99,4.6,8200.0,dick's sporting goods,Free delivery,159.99,5,,https://serpapi.com/searches/69fdf484c83b3f3df859691e/images/DPQ-30Dx781NsrJFy7n0GgidiE6xvy6eBQH6o9l4nPQ.webp
shoes,Hoka Womens Bondi 9,175.0,4.5,8100.0,rei,Free delivery,175.0,6,,https://serpapi.com/searches/69fdf484c83b3f3df859691e/images/DPQ-30Dx781NsrJFy7n0GkEjzRW3MVTfROnPSUx3lqI.webp
shoes,On Womens Cloudtilt,152.96,4.6,1900.0,comfort one shoes,Free delivery,152.96,7,,https://encrypted-tbn1.gstatic.com/shopping?q=tbn:ANd9GcTKWvxIGjp5Uat8FTx4QQoEjTeZR5PBgQdgsaYZla7yYZqFVqQd_ehOplxVcwK7FaCjp12xGaniwcHEPzZVSvMx_h4f2BdekCF3oCnSSPufw6_VIc03CbvW3w
shoes,Puma Redon Move Mens,29.99,4.2,304.0,puma,Free delivery on $60+,29.99,8,,https://encrypted-tbn0.gstatic.com/shopping?q=tbn:ANd9GcQq-W8VIY4WeSkod5XZX70HY568twyvZr_V6FgQ1Nzvlis_8rDfpw8WSVc3WkyhkqilkFc-wjZMSn7Aq7-o5fcBijpBdRsmyP3r4p7PlKNa5w5lcFyvXx7UxFc
shoes,Betsey Johnson Womens Sidny,109.0,4.4,1100.0,betsey johnson,Free delivery,109.0,9,,https://encrypted-tbn0.gstatic.com/shopping?q=tbn:ANd9GcRKq4Zy807Lr47-LJ98vjyT9_v5PnEQt4-iDTcLKZuIwyg28ZqdNJGTgHhJQcMJA4247Byr6DrnYKzQvwxf_PoTzLWVepUue9PWT57wDYy_LyUKiQhAXk65QPM
shoes,New Balance Mens 740 Shoes,69.99,4.6,370.0,foot locker,,69.99,10,,https://encrypted-tbn2.gstatic.com/shopping?q=tbn:ANd9GcTFFR5t_LlVt71A93ZhXlnAo_ek2fMH22vw1SJxpBBsDTWsf1d1PF6TWsV1nGnlypm27KKs3P0fo-qd2XV7h-cLOpGDJkuw
shoes,Vans Old Skool Wide Shoes,75.0,4.6,282.0,vans,,75.0,11,,https://serpapi.com/searches/69fdf484c83b3f3df859691e/images/DPQ-30Dx781NsrJFy7n0Gq5vMHa95fFfbQERUIr8vws.webp
shoes,Rothys Womens The Daily Flat,99.0,4.0,282.0,rothy's,Free delivery,99.0,12,,https://encrypted-tbn2.gstatic.com/shopping?q=tbn:ANd9GcQNB7_aH8eyfKIgf0akH3bBuPzWuzR0YtHdVWX3zG7Af-RLT9Xso6y7tLDC6pAXiulgQqh_fU0GsRRqGPIW5D-7nzyLIpswK9rwr8mVx-GdiKApnJSmxCYD
shoes,Nike Mens Air Force 1 07,114.99,4.7,23000.0,dick's sporting goods,Free delivery by Wed,114.99,13,,https://serpapi.com/searches/69fdf484c83b3f3df859691e/images/DPQ-30Dx781NsrJFy7n0Gv7PV2duzltYRywEaQmnOZc.webp
shoes,Hoka Mens Clifton 10,150.0,4.6,5600.0,pacsun,Free delivery by Thu,150.0,14,,https://serpapi.com/searches/69fdf484c83b3f3df859691e/images/DPQ-30Dx781NsrJFy7n0GuMJLKNGeNnslFUOw6PzTrg.webp
shoes,Old Navy Womens FlipFlop Sandals,4.99,4.6,4000.0,old navy,,4.99,15,,https://encrypted-tbn3.gstatic.com/shopping?q=tbn:ANd9GcRTWa4h21mYCBnc0NDQ9hqJ-X1MVknjcRqMpChcd6kvevtYH9W5hRW6_9PaRWpui4t0LvUCypaxiqbiktZOOkXq2u3f4Q7iQ9oijLX29v5Q28mPPqw2V4WHrxI
shoes,Converse Chuck Taylor All Star Top,64.99,4.7,50000.0,journeys,,64.99,16,,https://serpapi.com/searches/69fdf484c83b3f3df859691e/images/DPQ-30Dx781NsrJFy7n0GuUL8xYVJx7jyKOFT6mV_aQ.webp
shoes,Columbia Mens Redmond Low Hiking Shoe,54.0,4.2,329.0,columbia sportswear,,54.0,17,,https://encrypted-tbn1.gstatic.com/shopping?q=tbn:ANd9GcRM5OkgWWegaFvP77o1VJPCrYcE8nX_bxaxo4TsP_3d3uWuDyz2UaV5IjRMZZP5X24yORiXIoxDczgNfzy0EG_8xCFh4t0mHXj-U2WXR4LFPfpb37vn85P6pQ
shoes,Jordan Mens 6 Rings,139.99,4.6,1900.0,foot locker,Free delivery,139.99,18,,https://encrypted-tbn2.gstatic.com/shopping?q=tbn:ANd9GcQfjKpXtBXWD0zxZozmYnYChsGjKJrYxNpxd5UNdlcDD9MRreSVijTXMiPSb9sCuLBYpNk7uikRD5KVpeBUdLW51LOcrtPk
shoes,The North Face Verto Approach Shoes,190.0,5.0,8.0,the north face,Free delivery by Thu,190.0,19,,https://encrypted-tbn2.gstatic.com/shopping?q=tbn:ANd9GcTKyYal4aM3e_iiPTJ804ur98D6ZfcYUr_7A8lULDGy5H03GrYbBruq3V_hMU8IMPA3gbvgabiQvxXRrpHEP7vVa_iVQefl728Zy2ldifpXHji0EDT6Kxt4
shoes,On Womens Cloud 6,159.99,4.7,2800.0,dick's sporting goods,Free delivery,159.99,20,,https://serpapi.com/searches/69fdf484c83b3f3df859691e/images/DPQ-30Dx781NsrJFy7n0Goo03TBABe6_xZbAZly_JsY.webp
shoes,Under Armour Mens Charged Assert 11 Camo Running Shoes,67.99,4.2,40.0,kohl's,Free delivery,67.99,21,,https://encrypted-tbn0.gstatic.com/shopping?q=tbn:ANd9GcRRVjxMb9spvF-HtpQkEOnXhEmkenp2ZDRlni-ypABk0ihgauzG0WBr1AID1WkXm7xJrrUjberdNgKCarEhyWYmSuX8Bg2sVP0JX2dnvqy4
shoes,New Balance Womens WX608v5 Shoes White,79.99,4.4,2500.0,new balance,,79.99,22,,https://serpapi.com/searches/69fdf484c83b3f3df859691e/images/DPQ-30Dx781NsrJFy7n0Ggc2b1yDZ7oXKJsEru4xC_4.webp
shoes,Nike Mens Air Max 90 White,100.0,4.7,4300.0,finish line,Free delivery,100.0,23,,https://encrypted-tbn2.gstatic.com/shopping?q=tbn:ANd9GcQa7ewKxQy-l5AgbdxhfCNS4sNNHtoZOojZkHqVsN0O25Jzk_en-N_im2kMjrKPr4vAmSKJ7WyWqFmhwPcWp_A5rzy7CNpF
shoes,Skechers Mens Summits At Slip On Shoes,49.97,4.5,409.0,shoeshowmega.com,,49.97,24,,https://serpapi.com/searches/69fdf484c83b3f3df859691e/images/DPQ-30Dx781NsrJFy7n0GvRVYJveNXcpIiv8Y2jGvmM.webp
shoes,Mens Nike Air Force 1 07 LV8,115.0,4.8,767.0,jd sports,Free delivery,115.0,25,,https://serpapi.com/searches/69fdf484c83b3f3df859691e/images/DPQ-30Dx781NsrJFy7n0Gn5PbdAkJUoe9Th9WPnWQ_E.webp
shoes,Nike Mens P6000,114.99,4.7,4900.0,dick's sporting goods,Free delivery by Wed,114.99,26,,https://serpapi.com/searches/69fdf484c83b3f3df859691e/images/DPQ-30Dx781NsrJFy7n0GoxFwZrMFRlz08JBWo_M7-w.webp
shoes,Shoes For Crews Overtime Shoes,68.98,3.9,43.0,shoes for crews,,68.98,27,,https://serpapi.com/searches/69fdf484c83b3f3df859691e/images/DPQ-30Dx781NsrJFy7n0Gmt89Eg4LJ4G6FwKKqBDWbo.webp
shoes,adidas Samba OG,100.0,4.7,29000.0,adidas,,100.0,28,,https://serpapi.com/searches/69fdf484c83b3f3df859691e/images/DPQ-30Dx781NsrJFy7n0Gl7yXjAeDkd-I6DzIr4Jqs8.webp
shoes,Air Max Plus Nike Mens,189.99,4.4,7800.0,shiekh,,189.99,29,,https://serpapi.com/searches/69fdf484c83b3f3df859691e/images/DPQ-30Dx781NsrJFy7n0Gsn6Lz5It8wNR6bmmxGk6zQ.webp
shoes,Allen Edmonds Park Avenue CapToe Leather Oxford Dress Shoe,379.98,4.0,4.0,allen edmonds,Free delivery,379.98,30,,https://encrypted-tbn0.gstatic.com/shopping?q=tbn:ANd9GcSb7n-NCcT6_k595eK27zFZLg66YxGK8vGQrzzqS87UoFSN9t67xigKPwxr60dFfgwzQrIB31tTQE6Z669TtlhGhhwFxCHOr0FOV8EyrFoYi72bzM5iZz3o0A
shoes,Steve Madden Womens Bozeman Block Heel Suede Boots,189.95,4.6,24.0,steve madden,Free delivery,189.95,31,,https://encrypted-tbn3.gstatic.com/shopping?q=tbn:ANd9GcQ-r8z0AvE1Vb1GcwDaMlXFOOszigqY2kwvOYQM6UnOshklfFGqW7hWlEk-imD4o3hEuVsuCDp8M5c3F-8sPmNxW1vTm4zBDxgti-OD3BhFmpZNs3deCcC9
shoes,New Balance Mens 574 Sneakers,99.99,3.8,76.0,new balance,,99.99,32,,https://encrypted-tbn1.gstatic.com/shopping?q=tbn:ANd9GcSXs3pk22UM4SSgxvHLfmsg7mv3tKPoCEeHzxNuklwZ_O9TxjXEYziTzlOnzNC6k_QST7RzISEFNYTu_NW5Qm_4Ib9vUrEwSIYEpqaJNeI
shoes,Converse Chuck Taylor All Star Canvas WideFit LowTop Shoes,60.0,4.7,62000.0,converse,Free delivery on $75+,60.0,33,,https://encrypted-tbn3.gstatic.com/shopping?q=tbn:ANd9GcRB_NxNg0hgFCBYnSbjicnrty7GnvrQS2IDNGDMJS6DVdFDE4Fhsk91piwnf7ImPF44s0CqCMukui1_zmh7rl8jh76rt_8eiHbvhI3jb5w_C6nfCGUqQA0pjuE
shoes,PUMA Mens Electro Synthetic Leather Lowtop Sneakers,44.99,,,puma,Free delivery on $60+,44.99,34,,https://encrypted-tbn3.gstatic.com/shopping?q=tbn:ANd9GcSKl_LBzcyTXzMgmQw5Dd1pREn9Zw3Ddjozge7IFARYPDbbo23JVjql74coFHs-pmPqBPEmgO4afRJ62aIgG0TGyfc3exizLL72UNx5CvJXgjNZpvm0-n73iXk
shoes,Hoka Womens Clifton 10,154.99,4.5,7500.0,shoe station,Free delivery,154.99,35,,https://encrypted-tbn0.gstatic.com/shopping?q=tbn:ANd9GcQ5KofkH0V8su2_tXvQpSl2PPGgBmvwux8HW14e2dVwxl5m0IsiKF-QS76pxpeBkaEiuvzBHr_yU8goNKBsyB2Wu9bEJFdcieWDxVoUj_78
shoes,Alfani Mens Landan LaceUp LowTop Sneakers,27.93,4.2,162.0,macy's,,27.93,36,,https://encrypted-tbn3.gstatic.com/shopping?q=tbn:ANd9GcRZv1IppcRPh6lTHiNF__NNn5GsYTuYBG818LPLQWrDi26Teg2GG_idGRPkSx2L-HB7aRQ4gI26Fmti02rTx9VQFcAxY64WQJmkWetBzMQJ
shoes,Mens Nike Air Max 97,185.0,4.6,2900.0,finish line,Free delivery,185.0,37,,https://encrypted-tbn3.gstatic.com/shopping?q=tbn:ANd9GcTVlrECLMqIYODmZ4q1S4_GhfYyGk1W9wKMJ6_IhcS3B1FzQga_bZnFYlpfQLWoGT9MKj9GqwrmdZznFWqT6brYlRb0jjYjtLhbB9FfGGg
shoes,adidas Mens Ultraboost 5X Running Shoes,90.0,4.6,4600.0,adidas,,90.0,38,,https://encrypted-tbn1.gstatic.com/shopping?q=tbn:ANd9GcQxQ_thu_P70TUjR0TyTdcKyzrogh6FjDVvTc_YPrsVoWEA5e2f36iRSCfBswKz4D0XFZbVNli8miEaAdNgvIy_qnE-fJ4bgu0U3UPiAyW2yrRBPWl0HJebDA
shoes,Mens Calf Alligator Oxford Shoes,471.25,,,mezlan warehouse,Free delivery,471.25,39,,https://encrypted-tbn0.gstatic.com/shopping?q=tbn:ANd9GcQy211IxuB2nPDayEnDnc6S1A_u9RrE338bS2BuKKJPgl1n9GRvm6-5Vin1wiHCzz6z7Wf0XL5LXFw9OHVDDAeWrRL0R0zsyhJ5Oxt4ygj9JDN910RhYP-ocA
shoes,On Cloud 6 Versa Mens Sneakers,138.99,4.5,176.0,dick's sporting goods,Free delivery,138.99,40,,https://encrypted-tbn0.gstatic.com/shopping?q=tbn:ANd9GcRb9TX7Lt9muu2J5vdA2i5VrTZzGy9bA9cIOMHHficqVEj9fRGJGAiYq2lZya04t-qy9njlyW9hca8iYmHu-GkRUQcDQsEP5wdc9U8C7vzI_2R2JZqhB2IH
headphones,Anker Soundcore Q20i OverEar Headphones Active Noise Cancelling,44.99,4.8,7500.0,best buy,Free delivery by Sun,44.99,1,,https://encrypted-tbn1.gstatic.com/shopping?q=tbn:ANd9GcSwK8DbXGW6peGm5SeIBFiUMl9mU0sG58Am2N0Wbd4UJ82-sAEVjfCCFdlK4knOAEmew5Hzo8h6vaE1owQ4NGMn4EZ-Yu_XIZPQqHUxfn0Sn9800qPJA60
headphones,Apple EarPods with Lightning Connector,19.0,4.6,62000.0,apple,Free next-day delivery,19.0,2,,https://encrypted-tbn1.gstatic.com/shopping?q=tbn:ANd9GcTCUmOaSyDAWEf95n2QsT0deRGW41BTGUyuF5dI5nVZadQukdtElmhkPqNOMiU-eltQq9gkr6DPTq7n5hIwK6kazlcopPpWcObIfjKZ90AspX7Bsh2mzKVq
headphones,JBL Tune 670NC Noise Cancelling Wireless OnEar Headphones,69.95,4.4,2900.0,home depot,Free delivery by Thu,69.95,3,,https://encrypted-tbn0.gstatic.com/shopping?q=tbn:ANd9GcT5OUYLszSJStyiQ9sBlX-RI-tUTgI-1EZj3-BAaCoCarcUTtJZVuMt04l99YBbtvkyxrxC7_TO_Crmilo52gsArrONDFSXIOruP9ICrLxF1G3hZUIeKNct
headphones,Sony Wireless Noise Canceling Headphones,179.99,4.6,14000.0,walmart,Free next-day delivery,179.99,4,,https://encrypted-tbn1.gstatic.com/shopping?q=tbn:ANd9GcT6YPMNfjMCIdCRvehHcgwz0iZ96Atm5HWOxwAZxjJD8TYfTMInATVYMruD4BuYAF10v64XengXChCX2V8gFfvo3L-jkpaeCqP64Qw5-DfVNaUT4YxDDl5e_CT1
headphones,heyday Wireless Bluetooth Headphone Aux Cable,14.99,3.6,89.0,target,Free delivery on $35+,14.99,5,,https://encrypted-tbn1.gstatic.com/shopping?q=tbn:ANd9GcSIYo7wHuUthB3hguULeYSb4ZzGNQU3sRTC92yz7v7mKCcREgPhtzxfoQ1eJ6iN8JYqAtuqtZoglHJ01SzWnyGkoSSkpWgstQ
headphones,JBL Tune 720BT OverEar Wireless Headphones,59.95,4.5,6800.0,best buy,,59.95,6,,https://encrypted-tbn2.gstatic.com/shopping?q=tbn:ANd9GcTgoGXfDppCnJdE7M0kNgLCvr1OtBWP7dR3VH3F2HSKGe3eA4RsFBII5Z1TvqQpnPlH7KGjY10nYbB42_Bg5NP5NEJUJCDo3uuFpLXHXf0
headphones,Bose QuietComfort Wireless Noise Headphones,229.0,4.6,8900.0,bose,Free delivery,229.0,7,,https://encrypted-tbn1.gstatic.com/shopping?q=tbn:ANd9GcSHWm2geLNJ1BfNUAA-Wkz_93Z44t2SU-ExlK9_VpchcDvOZ4JcolEEOMfdO5FZRMEXyI3zVNo9ijTi0Wqsfg0lDmcC69ekL4e_VPcSfq9T1KLyblKbxqcjB-A
headphones,Beats Studio Pro Wireless Headphones,349.99,4.6,19000.0,apple,Free next-day delivery,349.99,8,,https://encrypted-tbn0.gstatic.com/shopping?q=tbn:ANd9GcQxPsbQunFZVFnfBh5LdKwHFCp95aH1JS-EKV7vB3KbLyuR-lAjyB2GQ4Cld8agCN3uKM5CFksO2jOc8LtGmUcA-UTD-yVf7DVTRUk7GMkwK7_nCSYLbiui
headphones,Onn OnEar Headphones,9.88,3.9,1800.0,walmart,Next-day delivery $7,9.88,9,,https://encrypted-tbn3.gstatic.com/shopping?q=tbn:ANd9GcTznpfQZxCyBtUguJtPAwpDhD0Nblq786z9qXblvGFgD3GDAH-LXzsfdjLDPXLovnUJSePLY3GDL7JF9CKPowApwiJdmi27Eof-iTc7wcOjUsQmIA6VusEczw
headphones,Skullcandy Crusher Evo Wireless OverEar Headphones,175.99,4.6,7100.0,best buy,,175.99,10,,https://encrypted-tbn3.gstatic.com/shopping?q=tbn:ANd9GcSS1VFukWLztaIjNIeAgp6x1coUAZfHXu_FzmrR4_R8z6iiyNyTGoFswMYhzZaL5ZT_g5UXntNS1SEWr7WiZI_XTbtths-R9UygDDH1ZYM
headphones,Noise Cancelling Over Ear Wireless Bluetooth 54 30Hour Battery 40mm Drivers Foldable 35mm Jack Lightweight,47.99,4.8,712.0,target,Free delivery,47.99,11,,https://encrypted-tbn1.gstatic.com/shopping?q=tbn:ANd9GcRl8rQ4FedzPdkF_V8K135C_qamfzHx7t2wxXpbO1FBSEMDqV_KXeiM79R5qY5Bb0PV3cV27C3qSxmIyKdgmTbi39zp3P7W
headphones,Sennheiser HD 560S Headphones,279.95,4.7,2400.0,music & arts,,279.95,12,,https://encrypted-tbn3.gstatic.com/shopping?q=tbn:ANd9GcT_0Paq8ze3ZgzKmw27frvQEmcMx-pDvbXd0SLzDQftebIWHNPSW8nkkUv4b2PBdk0E3pyvc0UjuNCSB0EzhRWLXeMmpxIeE5RxXvXrpng
headphones,JBL OnEar Headphones Tune 520BT Wireless,30.96,4.6,12000.0,best buy,,30.96,13,,https://encrypted-tbn0.gstatic.com/shopping?q=tbn:ANd9GcSqynV0kDso_dHegUPosAjQ0qA57hAxx9a8FVKQCRe94m24uw7bpwWNKjxbO-YqPytOt3qb32nlLEu400-4333WlymaHiW9zUsR07eVLiA
headphones,Marshall Major V OnEar Wireless Headphones,99.99,4.8,2500.0,crutchfield,Free delivery by Tue,99.99,14,,https://encrypted-tbn1.gstatic.com/shopping?q=tbn:ANd9GcSOFCEVbPktpwG1JgXS8L4db7pt2RLt4VoK71gpE4Sx9zmAVRp9ICv4SICh6PAWpFqwom0xWcUpDWsS2Uo7SYzQJvDl0Crupgpd6Z2Zk5u_3O0IxhJpoNac
headphones,Apple AirPods Max 2,509.99,4.5,154.0,target,Free delivery by Thu,509.99,15,,https://encrypted-tbn1.gstatic.com/shopping?q=tbn:ANd9GcSXk28eiq0tDckjtGSu4S_MVp66dHPQjHfykUxCuCwUc5CWOLPdIsq554oD3fSbCrq5q1Vstp5Uk9mmzYRgkZxCsYDHg4uuxg
headphones,Wireless Bluetooth Headphones,25.81,,,walmart - vrhaik,Free delivery,25.81,16,,https://encrypted-tbn3.gstatic.com/shopping?q=tbn:ANd9GcRbGNxPhySHNxmR6QwuoZFXScyVDwzHT0Iek44EevL4NpSWICdfM0_GCJUatOoH2t2NWlJx3vRbVoEwgkb28gBUThaqmW7I
headphones,Beats Solo 4 OnEar Wireless Headphones,119.95,4.4,12000.0,best buy,,119.95,17,,https://encrypted-tbn2.gstatic.com/shopping?q=tbn:ANd9GcQa7WcshCY3tP2zqfBAN51J-SjX3i603kZyeSdtusXpdPx2XE1JdTT9qMxFteEVV2TwN_vbNtkZrwSt2aRv_Dd5uMIdbdNhytXeGA15AMfQSXBDXuZKpuXY
headphones,Monolith AMT Headphone,999.09,4.4,8.0,monoprice.com,Free delivery,999.09,18,,https://encrypted-tbn0.gstatic.com/shopping?q=tbn:ANd9GcQT91zc8rgkM6sI0BNhycE2QB54xTzAVq76L56F_U2fcd0F0FZZQvdRGRqVCNVOgBfkSpWdbByH8FeKckx3z9975UsGd2JQxe-3Y5ZdNFdTnPE6W4ap4DaRy1k
headphones,Bowers  Wilkins PX8 OverEar NoiseCanceling Wireless Headphones,749.0,4.8,4400.0,bowers & wilkins,Free delivery,749.0,19,,https://encrypted-tbn2.gstatic.com/shopping?q=tbn:ANd9GcSIHxMTIWZ3NetLv5Vtf2Ec-ioESJ9PANEmiRigcVEtQKenKk2fIprp4XW7QSWVstdjO1LTxowfeqpPtAXcvL-Lzm8fmA4OkNRh6cxd2nSYXFPNsjO6T3879A
headphones,Sony WH1000XM6 Wireless Noise Canceling Headphones,458.0,4.7,6300.0,best buy,Free delivery by Sun,458.0,20,,https://encrypted-tbn2.gstatic.com/shopping?q=tbn:ANd9GcTgtu0O-tN59hKlHTLPKtVkzAh-Y7z4uqaE81JDJSTrexGkdTsmqQzZBiyxalz-elVbKKmqIkNSLL9wZ-PlTesBtuS64xA-sTHetImF-qZ7
headphones,JLab Studio 2 Wireless Headphones,29.99,4.5,548.0,target,Free delivery on $35+,29.99,21,,https://encrypted-tbn1.gstatic.com/shopping?q=tbn:ANd9GcTWBUTvKNplVHogDoSi5PwO_trpgQyIjBDpc7ieZUNXskYM1KHNZbFv4Nzp-yfcfYDkyjILRTlPJUSTZ7sQ_dN5GEBXiChyuA
headphones,AudioTechnica ATHR50x Open Back Reference Headphones,169.0,4.8,100.0,zzounds,Free next-day delivery,169.0,22,,https://encrypted-tbn1.gstatic.com/shopping?q=tbn:ANd9GcR1ZIqikRaXwThO7ow3rJ7qGwijEPvTWTSne2PqaRX9bbwH4VSA56JfCHinIPyTI2rZAtktUFuNaO_-aiSmAkrQroIznZsdlh6btQ51kZ_DGrwMtDw6h0_sEQ
headphones,AirPods Max Apple,449.0,4.4,14000.0,b&h photo-video-audio,Free delivery by Tue,449.0,23,,https://encrypted-tbn2.gstatic.com/shopping?q=tbn:ANd9GcTYPcaCcVkuZ7IwJU82LOsJRplR8GK3vYyiGQEP8Hr3PcGDrZx75j5kkTSRHjI3MrSohikZT4AVxYVoA8QHBI8IMtnhB6xSOVrbx7Gwi1k
headphones,House of Marley Rebel Bluetooth OnEar Headphones,59.99,3.0,121.0,house of marley,,59.99,24,,https://encrypted-tbn0.gstatic.com/shopping?q=tbn:ANd9GcSljRCUCmg5SZyh28UmfmeWNAQfocys9kC-WOCjs6hbSgzD3Ja983MOMA-aNx2hUBbHWNggNxTyoiJKn0Xq3FjET4VZvGQB_JOS9N-Y_bbHcuLeAWgA9n3l
headphones,Shokz OpenRun Pro 2 Headphones,139.95,4.6,8800.0,home depot,Free delivery by Wed,139.95,25,,https://encrypted-tbn3.gstatic.com/shopping?q=tbn:ANd9GcRNOApoW8OY0Kvfl5vA6k9-Yo_PcsNt2w-i1Oryq_DGvwKAmYowmCLFE8GD5BsL3jH1zg_t8vt_6iJSM9pBLs2kuFNBCGfGaxQxetrUQSVxuiungZOqVcsPWg
headphones,Apple EarPods,19.88,4.6,51000.0,walmart,,19.88,26,,https://encrypted-tbn1.gstatic.com/shopping?q=tbn:ANd9GcRs_DlUGL5Obwa7gFVYURr_qT5AjPQ8p6bItI3Dp1AeYFrUlXA3R-oQUg-Vsij8dcSfSguZfkSdP5qWpRuP5UTos0JjyXcgsV8jhzNS2kpxpePwinEQXy51-Q
headphones,AKG K240 MKII Studio Headphones,92.95,4.6,714.0,best buy,,92.95,27,,https://encrypted-tbn1.gstatic.com/shopping?q=tbn:ANd9GcS-yBhpJghKdP3hvKMBTgDa1o_JkWTrIYXtA-domuwU-tDQrTcPAaGWWvfuxN7dmMofw1rjEK5h-DWizkSpz3iampOHnBT5KPBg78loq2hR1WNbrOUtOFtg6g
headphones,Target Wired Earbuds,0.99,3.7,21.0,target,Free delivery on $100+,0.99,28,,https://encrypted-tbn3.gstatic.com/shopping?q=tbn:ANd9GcTaV7rvGQC2zosKIc1mfvcCxJa5bjtLzaajoM5B_tyq--SQdp4CwZbM5DVcuY3wNdoisdHXE7NnrsH2tp6E-q0ggZBZEq53ZA
headphones,JVC OnEar Wireless Headphones,44.79,4.6,919.0,popmarket,,44.79,29,,https://encrypted-tbn1.gstatic.com/shopping?q=tbn:ANd9GcQFhPsr4odyqtM5S--L3HJr4dfUUqHbp7F3FtosN5DoEL_z72SRCNVqyAWZxE8ENNP4rBZp7UWHydZOrWRzfg0N21ZImb0l
headphones,Meze 105 Aer Dynamic OpenBack Headphones,299.0,4.8,112.0,headphones.com,Free delivery,299.0,30,,https://encrypted-tbn2.gstatic.com/shopping?q=tbn:ANd9GcQiQlCxoyshLNbkqiGNG7SF2EcIBMAWmMHUMrsGlMfbKhokpDZFzrYckpiEa2gEdAeKJdMiloToOx872G76WQ3eu4OjRZGDWXdTOI4CVva9qFD3UsBuhopkDg
headphones,Headphones for Critical Listening,2600.0,,,rosson audio,,2600.0,31,,https://encrypted-tbn0.gstatic.com/shopping?q=tbn:ANd9GcQ-PjBDaxdFe3URMSOKriO1AgyxiK57dpuspyth9WrAIzfuIhNozsQfPXjw10JaAc9dPUsTmSeYz9l8t6qE8E67mI7Km2swp-lb6EvexOwh6WLgPx45VRUTBw
headphones,Sony WH1000XM4 Wireless NoiseCanceling Headphones,348.0,4.6,21000.0,best buy,,348.0,32,,https://encrypted-tbn1.gstatic.com/shopping?q=tbn:ANd9GcS1hoxbzM6kI0pxfNB7QVWJdEEiAknP8hBh2OsJAa1RoEqZ5IIAUGe7vQPNfzK6UKnMIpcSsKnz8I37R12XuNj-FZGzmKDbUjq2XACIwRM
headphones,Philips Audio H2005BK00 OverEar Stereo Headphones,21.74,4.3,419.0,target,Free delivery on $35+,21.74,33,,https://encrypted-tbn0.gstatic.com/shopping?q=tbn:ANd9GcReRV6xzojahJ_G2uNwuvOMoGTBeae_Uf3Cofgt8rwkgKmTLbG5szTAINtp_bs2taN6SKJZRoaMBVPZ7RbZIjNuKZP5xIzx
headphones,Onn Wireless OnEar Headphones,14.88,4.0,2200.0,walmart,,14.88,34,,https://encrypted-tbn1.gstatic.com/shopping?q=tbn:ANd9GcQ2JVpgIxIF3bbXy7ZMJUoYDc0hOYWhY1T7lrF0GBe4OlS0j0eN7hi148PfuWig3JzGidZYthW1cUifzTuf6jGmdi5oZIj5ymCXqhdsJa6Ng282iZv5Zycb
headphones,Dyson OnTrac Headphones,249.99,4.6,715.0,dyson official,Free delivery,249.99,35,,https://encrypted-tbn3.gstatic.com/shopping?q=tbn:ANd9GcTpcWcAxv2_SAXiqsdgg-By9tP0IWZ1ujmKBxDz2r6ZzRU0aVbHePpZEfSSRSvecsSOIGQlL0wLu_pQ2veryfffvlyf3C7IfE4NhIKdUeP2QJb7rfSXr17gLhA
headphones,The Everyday Headphones 2022,84.99,4.5,3400.0,raycon,Free delivery by Wed,84.99,36,,https://encrypted-tbn2.gstatic.com/shopping?q=tbn:ANd9GcR63lWlBv5xFVl1OaCEeS9YDR_7lrIKMrh2HBY9Xh7JX6rR--a7N2KqdxzMmEpGksU0WXGvD7egns9ZkJbIeG71ehmxy8OouGJWR30HOu0gh6QX4cYS6EKv5A
headphones,Audio Technica ATHS300BT Wireless Headphones,149.0,4.7,184.0,best buy,,149.0,37,,https://encrypted-tbn3.gstatic.com/shopping?q=tbn:ANd9GcRAzq-3VWcVWreJrhK3MTa6khVblKJljtOsU9H4RGJLpaXhiliOZ4dBrwB3Os_P9cfmx5pYlyA9w5DVySshI6XdtRdVxGFLDhfVXhk8ue_giQa41d2uUJfK
headphones,Audeze LCDGX Gaming Headset,899.0,4.4,38.0,moon audio,Free delivery by Tue,899.0,38,,https://encrypted-tbn0.gstatic.com/shopping?q=tbn:ANd9GcTSB0Mb36nt-fuWul1vaOssbrxA5zgCBmVix0JsEJuWyJR5AqmbjgM8o60qPLZEa3B67rmM9TRCLMu9_HaJ7ezhJn9GNdaBE4MTiTg0UhG6Nlz_XaqWT3Ap
headphones,Focal Clear Mg OpenBack OverEar Headphones,1599.0,4.8,298.0,b&h photo-video-audio,Free delivery by Tue,1599.0,39,,https://encrypted-tbn2.gstatic.com/shopping?q=tbn:ANd9GcSb2jcJakCw2a6BP6-RqoORCYqlHiPeszYAfRmtmMw58Ykruf62pWlYqp49Va9F0Ij_j9fqPEtXY4WjbTDN4eZqnzLkbvNDkXGlh19rUstL9rPXs2tG--aP
headphones,OnStage WH4500 Professional Studio Headphones,113.99,,,kansas state university bookstore,,113.99,40,,https://encrypted-tbn3.gstatic.com/shopping?q=tbn:ANd9GcRLOqSkZ2iDhaL8lYTjJLRZrbDpXKlEL2WDT0jzujHKWX8ZrQ5YWS3O8Qk_TQp-uA6z6WsJiklL6pAsF3rkLTDQmbyZtZcRYtUr7Qb-dCHu
